id,isim,tel1,tel2,adres
1,Ahmet Yılmaz,05321234567,02161234567,"Üsküdar Bağlarbaşı Mah. Kuloğlu Sok. No:1 İstanbul"
2,Fatma Demir,05331234568,02161234568,"Üsküdar Bağlarbaşı Mah. Kuloğlu Sok. No:1 İstanbul"
3,Mehmet Kaya,05341234569,02161234569,"Kadıköy Moda Mah. Moda Cad. No:5 İstanbul"
4,Ayşe Çelik,05351234570,02161234570,"Kadıköy Moda Mah. Moda Cad. No:5 İstanbul"
5,Ali Şahin,05361234571,02161234571,"Beşiktaş Sinanpaşa Mah. Çırağan Cad. No:10 İstanbul"
6,Zeynep Arslan,05371234572,02161234572,"Beyoğlu Cihangir Mah. Akarsu Yokuşu No:3 İstanbul"
7,Hüseyin Kurt,05381234573,02161234573,"Şişli Bozkurt Mah. Halaskargazi Cad. No:22 İstanbul"
8,Elif Yıldız,05391234574,02161234574,"Ataşehir Yenisahra Mah. İnönü Cad. No:8 İstanbul"
9,Mustafa Öztürk,05301234575,02161234575,"Maltepe Bağlarbaşı Mah. Bagdat Cad. No:15 İstanbul"
10,Hatice Doğan,05321234576,02161234576,"Pendik Yenişehir Mah. Ankara Cad. No:7 İstanbul"
